사용월,호선명,역ID,지하철역,유임승차,유임하차,무임승차,무임하차
2021-05,1호선,1,서울역,"946,183","897,343","163,786","154,726"
2021-05,1호선,10,동묘앞,"126,710","136,309","150,560","150,934"
2021-05,1호선,2,시청,"440,379","453,384","59,890","59,338"
2021-05,1호선,3,종각,"724,544","698,575","109,300","103,087"
2021-05,1호선,4,종로3가,"421,121","380,881","252,206","237,053"
2021-05,1호선,5,종로5가,"346,088","352,926","235,580","226,289"
2021-05,1호선,6,동대문,"214,963","205,512","112,191","110,832"
2021-05,1호선,7,신설동,"252,769","247,750","102,317","98,544"
2021-05,1호선,8,제기동,"219,868","213,379","235,124","250,508"
2021-05,1호선,9,청량리(서울시립대입구),"312,638","310,978","239,335","241,248"
2021-05,2호선,11,시청,"471,909","447,702","41,414","36,955"
2021-05,2호선,12,을지로입구,"822,016","838,043","76,740","71,852"
2021-05,2호선,13,을지로3가,"448,716","445,179","63,127","61,570"
2021-05,2호선,14,을지로4가,"230,129","230,765","72,918","71,772"
2021-05,2호선,15,동대문역사문화공원(DDP),"266,470","299,636","47,040","50,046"
2021-05,2호선,16,신당,"282,798","293,680","85,177","86,785"
2021-05,2호선,17,상왕십리,"306,489","292,836","59,108","59,618"
2021-05,2호선,18,왕십리(성동구청),"385,390","316,983","44,742","37,638"
2021-05,2호선,19,한양대,"182,745","194,752","10,535","10,909"
2021-05,2호선,20,뚝섬,"513,369","546,484","49,779","50,273"
2021-05,2호선,21,성수,"754,643","840,594","88,404","90,205"
2021-05,2호선,22,건대입구,"900,465","951,583","76,874","80,300"
2021-05,2호선,23,구의(광진구청),"512,426","502,276","87,333","89,521"
2021-05,2호선,24,강변(동서울터미널),"735,078","721,995","98,057","95,635"
2021-05,2호선,25,잠실나루,"284,154","276,227","67,239","67,466"
2021-05,2호선,26,잠실(송파구청),"1,649,045","1,624,157","152,476","146,006"
2021-05,2호선,27,잠실새내,"464,407","468,729","84,351","84,320"
2021-05,2호선,28,종합운동장,"172,061","189,368","34,371","35,561"
2021-05,2호선,29,삼성(무역센터),"1,141,998","1,162,891","92,305","85,986"
2021-05,2호선,30,선릉,"1,097,202","981,774","178,796","159,524"
2021-05,2호선,31,역삼,"1,014,100","1,134,890","129,002","129,968"
2021-05,2호선,32,강남,"1,967,326","1,946,560","145,860","130,008"
2021-05,2호선,33,교대(법원.검찰청),"686,175","776,885","118,941","132,650"
2021-05,2호선,34,서초,"464,889","444,989","61,860","61,661"
2021-05,2호선,35,방배,"366,466","389,119","61,026","60,291"
2021-05,2호선,36,사당,"805,770","903,829","143,789","139,798"
2021-05,2호선,37,낙성대(강감찬),"631,308","606,036","89,572","91,960"
2021-05,2호선,38,서울대입구(관악구청),"1,093,876","1,079,308","156,028","149,796"
2021-05,2호선,39,봉천,"504,919","462,219","122,860","123,035"
2021-05,2호선,40,신림,"1,473,269","1,419,304","191,021","193,011"
2021-05,2호선,41,신대방,"590,468","569,733","109,217","110,334"
2021-05,2호선,42,구로디지털단지,"1,354,659","1,350,982","140,158","141,913"
2021-05,2호선,43,대림(구로구청),"554,023","568,774","102,330","105,201"
2021-05,2호선,44,신도림,"1,132,784","1,120,143","164,476","155,890"
2021-05,2호선,45,문래,"461,647","478,177","64,838","64,348"
2021-05,2호선,46,영등포구청,"470,764","481,759","89,092","88,476"
2021-05,2호선,47,당산,"434,798","500,295","51,727","56,186"
2021-05,2호선,48,합정,"768,880","812,103","58,802","58,293"
2021-05,2호선,49,홍대입구,"1,459,863","1,525,771","83,235","79,272"
2021-05,2호선,50,신촌,"779,122","801,977","103,457","100,587"
2021-05,2호선,51,이대,"302,876","317,316","38,981","40,183"
2021-05,2호선,52,아현,"218,355","208,683","55,187","54,578"
2021-05,2호선,53,충정로(경기대입구),"203,728","215,550","40,581","41,302"
2021-05,2호선,54,용답,"57,657","57,138","15,893","15,596"
2021-05,2호선,55,신답,"32,399","37,105","8,127","8,886"
2021-05,2호선,56,신설동,"63,405","61,695","30,056","31,498"
2021-05,2호선,57,도림천,"28,605","29,216","6,623","7,093"
2021-05,2호선,58,양천구청,"135,906","143,939","39,635","40,367"
2021-05,2호선,59,신정네거리,"210,077","216,515","60,605","61,598"
2021-05,2호선,60,용두(동대문구청),"40,478","40,543","19,899","20,802"
2021-05,3호선,61,지축,"85,668","81,490","18,256","18,058"
2021-05,3호선,62,구파발,"438,711","423,777","99,671","95,444"
2021-05,3호선,63,연신내,"774,069","723,784","226,055","219,958"
2021-05,3호선,64,불광,"318,839","344,603","120,752","133,283"
2021-05,3호선,65,녹번,"320,150","286,922","64,673","64,203"
2021-05,3호선,66,홍제,"340,131","318,832","120,069","117,777"
2021-05,3호선,67,무악재,"76,339","75,568","24,252","26,363"
2021-05,3호선,68,독립문,"131,066","140,308","62,939","62,803"
2021-05,3호선,69,경복궁(정부서울청사),"442,701","446,732","66,167","63,555"
2021-05,3호선,70,안국,"431,142","461,789","65,280","66,776"
2021-05,3호선,71,종로3가,"196,269","240,816","48,023","53,412"
2021-05,3호선,72,을지로3가,"202,963","213,614","43,385","41,738"
2021-05,3호선,73,충무로,39,0,0,0
2021-05,3호선,74,동대입구,"174,205","186,138","28,669","31,096"
2021-05,3호선,75,약수,"266,155","258,880","68,968","65,414"
2021-05,3호선,76,금호,"169,060","156,312","46,305","45,934"
2021-05,3호선,77,옥수,"192,387","201,783","50,675","50,942"
2021-05,3호선,78,압구정,"698,182","747,456","107,005","104,486"
2021-05,3호선,79,신사,"717,542","753,753","60,277","57,731"
2021-05,3호선,80,잠원,"99,502","98,485","25,197","24,397"
2021-05,3호선,81,고속터미널,"1,065,700","1,045,519","141,329","134,634"
2021-05,3호선,82,교대(법원.검찰청),"282,902","182,967","51,901","32,213"
2021-05,3호선,83,남부터미널(예술의전당),"659,924","685,430","97,664","98,307"
2021-05,3호선,84,양재(서초구청),"813,838","891,496","123,696","123,919"
2021-05,3호선,85,매봉,"248,107","239,851","50,522","46,977"
2021-05,3호선,86,도곡,"114,290","117,696","23,151","21,302"
2021-05,3호선,87,대치,"234,294","232,154","49,769","47,618"
2021-05,3호선,88,학여울,"45,219","46,967","13,812","13,442"
2021-05,3호선,89,대청,"195,310","178,716","48,625","46,676"
2021-05,3호선,90,일원,"187,280","183,141","49,603","49,413"
2021-05,3호선,91,수서,"363,699","372,190","86,687","85,541"
2021-05,3호선,92,가락시장,"163,882","161,142","63,227","61,656"
2021-05,3호선,93,경찰병원,"147,591","147,129","34,112","34,983"
2021-05,3호선,94,오금,"131,195","118,979","23,573","22,740"
2021-05,4호선,100,수유(강북구청),"735,636","726,123","166,223","165,703"
2021-05,4호선,101,미아(서울사이버대학),"301,428","287,547","95,653","97,101"
2021-05,4호선,102,미아사거리,"581,463","561,967","156,431","154,447"
2021-05,4호선,103,길음,"428,339","412,886","94,369","94,830"
2021-05,4호선,104,성신여대입구(돈암),"470,307","447,138","73,445","70,981"
2021-05,4호선,105,한성대입구(삼선교),"305,504","297,807","63,757","63,240"
2021-05,4호선,106,혜화,"733,903","743,898","104,905","102,889"
2021-05,4호선,107,동대문,"385,267","403,226","137,744","134,841"
2021-05,4호선,108,동대문역사문화공원(DDP),"332,602","307,875","46,953","42,611"
2021-05,4호선,109,충무로,"524,123","545,376","97,004","97,481"
2021-05,4호선,110,명동,"393,248","412,741","48,381","50,115"
2021-05,4호선,111,회현(남대문시장),"443,287","480,566","153,959","153,945"
2021-05,4호선,112,서울역,"223,061","361,406","29,993","36,309"
2021-05,4호선,113,숙대입구(갈월),"288,728","283,514","43,911","40,809"
2021-05,4호선,114,삼각지,"104,545","120,315","20,187","21,032"
2021-05,4호선,115,신용산,"349,356","371,875","41,309","41,804"
2021-05,4호선,116,이촌(국립중앙박물관),"161,268","184,532","38,364","40,666"
2021-05,4호선,117,동작(현충원),"49,621","54,276","23,023","23,111"
2021-05,4호선,118,총신대입구(이수),"371,220","407,563","125,664","131,825"
2021-05,4호선,119,사당,"578,000","487,236","70,305","68,374"
2021-05,4호선,120,남태령,"25,190","20,956","7,730","7,387"
2021-05,4호선,95,당고개,"267,751","241,731","80,715","79,626"
2021-05,4호선,96,상계,"401,269","368,845","101,155","99,601"
2021-05,4호선,97,노원,"437,380","492,772","76,036","75,086"
2021-05,4호선,98,창동,"513,820","546,356","166,845","172,841"
2021-05,4호선,99,쌍문,"635,682","570,874","136,218","133,429"
2021-05,경부선,121,서울역,"161,256","48,854","9,134","2,091"
2021-05,경부선,122,남영,"207,673","217,293","30,473","31,877"
2021-05,경부선,123,용산,"846,097","855,883","103,350","101,967"
2021-05,경부선,124,노량진,"203,617","201,999","33,484","31,009"
2021-05,경부선,125,대방,"267,885","278,127","56,383","55,727"
2021-05,경부선,126,영등포,"880,958","902,833","186,665","185,981"
2021-05,경부선,127,신도림,"86,209","86,171","23,228","25,778"
2021-05,경부선,151,신길,"203,685","168,728","41,798","38,707"
2021-05,경부선,249,구로,"414,212","426,595","82,655","79,958"
2021-05,경부선,250,가산디지털단지,"387,656","463,645","29,235","32,951"
2021-05,경부선,251,금천구청,"244,745","242,731","68,489","69,396"
2021-05,경부선,252,석수,"219,995","195,931","42,572","41,039"
2021-05,경부선,253,관악,"155,497","143,896","47,207","44,943"
2021-05,경부선,254,안양,"537,330","531,460","96,111","100,057"
2021-05,경부선,255,명학,"189,341","188,711","36,805","36,088"
2021-05,경부선,256,금정,"583,150","590,667","96,735","97,332"
2021-05,경부선,257,군포,"160,723","157,741","30,429","29,960"
2021-05,경부선,258,의왕,"196,721","195,139","36,987","36,865"
2021-05,경부선,259,성균관대,"339,447","339,711","42,189","42,132"
2021-05,경부선,260,화서,"159,663","155,218","34,435","33,754"
2021-05,경부선,261,수원,"925,422","966,611","117,554","120,666"
2021-05,경부선,262,독산,"353,441","371,575","54,192","55,567"
2021-05,경부선,263,세류,"68,984","65,643","13,429","13,096"
2021-05,경부선,264,병점,"336,636","341,361","50,592","50,104"
2021-05,경부선,265,세마,"60,127","55,144","12,771","12,055"
2021-05,경부선,266,오산대,"80,475","74,073","15,265","14,593"
2021-05,경부선,267,오산,"238,620","236,004","37,982","39,026"
2021-05,경부선,268,진위,"33,818","29,813","6,615","6,198"
2021-05,경부선,269,송탄,"106,427","101,947","18,137","17,754"
2021-05,경부선,270,서정리,"158,725","154,241","26,034","25,323"
2021-05,경부선,271,평택지제,"73,920","69,699","9,634","9,007"
2021-05,경부선,272,평택,"303,420","300,920","53,997","52,957"
2021-05,경부선,273,성환,"89,221","88,841","16,724","16,828"
2021-05,경부선,274,직산,"16,710","17,145","4,119","3,926"
2021-05,경부선,275,두정,"138,680","143,214","19,875","20,398"
2021-05,경부선,276,천안,"118,154","118,104","45,096","45,066"
2021-05,경부선,277,당정,"134,940","130,299","25,809","24,637"
2021-05,경부선,278,서동탄,"32,743","29,089","7,286","7,096"
2021-05,경부선,279,광명,"81,207","68,954","7,822","7,387"
2021-05,경인선,293,개봉,"442,984","443,382","130,143","135,875"
2021-05,경인선,294,오류동,"246,778","229,097","79,704","78,068"
2021-05,경인선,295,역곡,"604,284","595,275","130,009","132,460"
2021-05,경인선,296,부천,"735,393","737,991","174,745","176,755"
2021-05,경인선,297,송내,"605,736","604,608","101,309","100,467"
2021-05,경인선,298,부평,"747,283","794,846","120,473","122,156"
2021-05,경인선,299,백운,"142,176","139,454","50,057","50,929"
2021-05,경인선,300,동암,"333,723","334,109","81,755","83,039"
2021-05,경인선,301,주안,"444,790","400,762","76,529","68,679"
2021-05,경인선,302,제물포,"230,199","219,772","54,306","54,057"
2021-05,경인선,303,동인천,"284,359","270,496","99,361","96,171"
2021-05,경인선,304,인천,"79,298","58,442","37,112","33,551"
2021-05,경인선,305,구일,"137,860","139,325","36,959","36,127"
2021-05,경인선,306,소사,"198,225","190,084","57,113","56,358"
2021-05,경인선,307,부개,"173,083","159,117","54,000","52,856"
2021-05,경인선,308,간석,"119,874","113,793","38,486","37,049"
2021-05,경인선,309,도원,"59,205","58,658","28,931","30,582"
2021-05,경인선,310,온수(성공회대입구),"145,361","138,514","41,560","40,051"
2021-05,경인선,311,중동,"183,514","170,833","59,504","58,701"
2021-05,경인선,312,도화,"81,562","74,031","33,490","32,496"
2021-05,경원선,128,이촌(국립중앙박물관),"81,799","59,647","22,412","18,785"
2021-05,경원선,129,서빙고,"37,586","34,560","13,294","12,672"
2021-05,경원선,130,한남,"82,923","79,119","24,788","23,174"
2021-05,경원선,131,옥수,"1,514","1,056",109,71
2021-05,경원선,132,응봉,"36,025","31,201","14,728","13,477"
2021-05,경원선,133,왕십리(성동구청),"321,812","365,275","51,638","56,491"
2021-05,경원선,134,청량리(서울시립대입구),"305,601","317,363","129,571","140,058"
2021-05,경원선,136,외대앞,"160,393","157,992","38,120","39,290"
2021-05,경원선,137,신이문,"165,143","150,371","59,863","58,314"
2021-05,경원선,138,석계,"164,533","188,067","53,692","57,974"
2021-05,경원선,139,광운대,"180,020","174,107","47,597","46,478"
2021-05,경원선,140,월계,"124,324","115,197","55,038","52,525"
2021-05,경원선,141,녹천,"90,018","74,369","34,298","30,999"
2021-05,경원선,142,창동,12,0,0,0
2021-05,경원선,358,방학,"164,300","160,238","92,886","91,892"
2021-05,경원선,359,도봉,"98,646","91,982","62,644","62,392"
2021-05,경원선,360,도봉산,"139,584","78,066","110,454","88,570"
2021-05,경원선,361,망월사,"145,243","147,613","61,386","62,892"
2021-05,경원선,362,회룡,"208,702","208,736","125,825","125,312"
2021-05,경원선,363,의정부,"416,072","431,012","94,781","96,557"
2021-05,경원선,364,가능,"126,596","120,250","50,165","49,751"
2021-05,경원선,365,녹양,"89,996","86,020","33,211","32,154"
2021-05,경원선,366,양주,"163,228","151,423","49,112","47,770"
2021-05,경원선,367,덕계,"61,813","55,394","18,976","18,372"
2021-05,경원선,368,덕정,"123,570","119,269","30,504","31,021"
2021-05,경원선,369,지행,"138,018","137,157","38,025","37,891"
2021-05,경원선,370,동두천중앙,"55,008","52,739","31,090","30,959"
2021-05,경원선,371,보산,"35,072","33,244","12,218","11,668"
2021-05,경원선,372,동두천,"37,501","42,190","20,438","26,720"
2021-05,경원선,373,소요산,"33,002","25,814","66,211","57,757"
2021-05,안산선,280,산본,"338,236","366,214","79,861","81,529"
2021-05,안산선,281,대야미,"107,306","95,602","28,727","26,959"
2021-05,안산선,282,반월,"91,482","86,573","25,652","25,150"
2021-05,안산선,283,상록수,"370,939","371,094","60,881","61,898"
2021-05,안산선,284,한대앞,"205,876","203,744","38,588","39,239"
2021-05,안산선,285,중앙,"435,874","453,837","48,982","48,113"
2021-05,안산선,286,고잔,"200,224","193,353","30,801","29,794"
2021-05,안산선,287,초지,"110,500","115,963","13,276","13,388"
2021-05,안산선,288,안산,"299,368","276,827","33,320","30,976"
2021-05,안산선,289,신길온천,"37,392","34,489","9,411","9,050"
2021-05,안산선,290,정왕,"224,667","234,055","22,983","24,563"
2021-05,안산선,291,오이도,"207,247","204,154","31,916","31,636"
2021-05,안산선,292,수리산,"81,700","65,919","28,745","27,869"
2021-05,과천선,230,선바위,"185,456","159,396","29,040","28,380"
2021-05,과천선,231,경마공원,"24,762","24,444","9,589","8,980"
2021-05,과천선,232,대공원,"85,262","88,897","47,980","48,886"
2021-05,과천선,233,과천,"115,255","104,417","33,002","31,832"
2021-05,과천선,234,정부과천청사,"207,102","207,406","41,174","40,715"
2021-05,과천선,235,인덕원,"514,486","519,865","86,070","88,251"
2021-05,과천선,236,평촌,"377,345","371,288","53,262","53,343"
2021-05,과천선,237,범계,"589,722","577,984","86,017","84,367"
2021-05,분당선,143,선릉,"268,458","406,684","36,344","46,907"
2021-05,분당선,144,한티,"312,144","326,109","53,195","54,290"
2021-05,분당선,145,도곡,"130,267","129,018","32,268","31,174"
2021-05,분당선,146,구룡,"38,487","37,562","11,938","11,678"
2021-05,분당선,147,개포동,"78,526","80,578","20,009","20,184"
2021-05,분당선,148,대모산입구,"66,438","60,292","23,983","24,079"
2021-05,분당선,149,수서,"307,497","315,737","54,252","55,265"
2021-05,분당선,150,복정,12,0,0,0
2021-05,분당선,313,수원,"202,848","168,248","26,147","23,285"
2021-05,분당선,314,서울숲,"264,691","275,846","25,579","24,914"
2021-05,분당선,315,압구정로데오,"471,563","527,441","39,948","38,230"
2021-05,분당선,316,강남구청,"204,068","237,631","33,329","36,248"
2021-05,분당선,317,선정릉,"166,706","179,525","24,509","24,027"
2021-05,분당선,318,가천대,"190,047","213,051","22,203","23,721"
2021-05,분당선,319,태평,"281,807","265,427","80,025","83,076"
2021-05,분당선,320,모란,"406,667","398,184","149,991","162,227"
2021-05,분당선,321,야탑,"527,007","555,756","120,671","120,145"
2021-05,분당선,322,서현,"537,433","548,331","97,796","94,066"
2021-05,분당선,323,수내,"267,985","267,135","60,954","58,828"
2021-05,분당선,324,정자,"380,338","401,539","54,971","55,111"
2021-05,분당선,325,미금,"306,568","323,664","87,579","93,120"
2021-05,분당선,326,오리,"236,236","196,515","61,234","53,062"
2021-05,분당선,327,이매,"115,076","107,848","33,001","32,031"
2021-05,분당선,328,보정,"47,616","40,771","16,564","15,879"
2021-05,분당선,329,죽전,"295,843","329,269","57,199","62,446"
2021-05,분당선,330,구성,"95,746","100,895","29,234","29,672"
2021-05,분당선,331,신갈,"90,103","90,176","22,627","22,910"
2021-05,분당선,332,기흥,"211,619","198,293","34,653","33,951"
2021-05,분당선,333,상갈,"115,998","112,778","26,531","25,516"
2021-05,분당선,334,청명,"91,634","87,125","15,694","15,863"
2021-05,분당선,335,영통,"194,489","198,588","23,243","23,527"
2021-05,분당선,336,망포,"323,169","307,160","30,432","29,457"
2021-05,분당선,337,매탄권선,"110,910","106,795","16,315","15,954"
2021-05,분당선,338,수원시청,"299,803","322,843","33,903","34,453"
2021-05,분당선,339,매교,"62,298","63,542","15,332","15,823"
2021-05,일산선,374,원흥,"214,471","205,046","50,353","48,445"
2021-05,일산선,375,지축,5,0,0,0
2021-05,일산선,376,삼송,"400,790","388,916","84,133","84,851"
2021-05,일산선,377,원당,"226,475","214,533","71,142","70,662"
2021-05,일산선,378,화정,"349,782","359,774","98,661","100,431"
2021-05,일산선,379,대곡,"39,362","29,041","11,438","10,711"
2021-05,일산선,380,백석,"200,575","202,726","60,392","60,095"
2021-05,일산선,381,마두,"137,836","141,267","53,220","54,646"
2021-05,일산선,382,정발산,"160,775","165,108","44,357","41,739"
2021-05,일산선,383,주엽,"162,371","160,107","69,109","71,208"
2021-05,일산선,384,대화,"272,718","215,342","66,976","62,433"
2021-05,중앙선,135,회기,"551,707","535,816","107,884","106,249"
2021-05,중앙선,152,중랑,"108,367","102,963","44,770","43,400"
2021-05,중앙선,153,상봉(시외버스터미널),"130,406","131,110","36,963","35,685"
2021-05,중앙선,154,망우,"146,417","142,698","62,191","63,476"
2021-05,중앙선,155,양원,"32,090","32,112","15,084","15,184"
2021-05,중앙선,156,구리,"289,481","296,111","73,062","73,972"
2021-05,중앙선,157,도농,"206,074","187,800","52,448","50,995"
2021-05,중앙선,158,양정,"14,266","12,013","8,200","7,427"
2021-05,중앙선,159,덕소,"113,413","112,779","40,668","41,087"
2021-05,중앙선,160,도심,"48,737","37,793","15,819","15,031"
2021-05,중앙선,161,팔당,"25,911","27,780","8,820","9,259"
2021-05,중앙선,162,운길산,"20,869","19,096","13,372","13,060"
2021-05,중앙선,163,양수,"39,155","38,463","22,057","22,441"
2021-05,중앙선,164,신원,"4,330","3,257","3,970","3,300"
2021-05,중앙선,165,국수,"13,487","12,898","9,174","9,175"
2021-05,중앙선,166,아신,"12,037","12,048","5,929","5,885"
2021-05,중앙선,167,오빈,"4,922","4,848","3,973","4,059"
2021-05,중앙선,168,양평,"56,279","56,811","29,854","30,073"
2021-05,중앙선,169,원덕,"5,924","5,676","6,474","6,278"
2021-05,중앙선,170,용문,"33,432","32,546","36,761","36,381"
2021-05,중앙선,171,지평,891,"1,224","1,264","1,228"
2021-05,장항선,224,봉명,"21,712","21,092","8,731","8,456"
2021-05,장항선,225,쌍용(나사렛대),"46,418","44,228","10,330","9,829"
2021-05,장항선,226,아산,"77,343","68,752","9,946","9,294"
2021-05,장항선,227,배방,"22,908","22,451","5,778","5,865"
2021-05,장항선,228,온양온천,"67,947","69,048","34,994","35,471"
2021-05,장항선,229,신창(순천향대),"38,529","38,397","6,181","5,769"
2021-05,경의선,173,신촌,"17,191","20,989","3,161","3,572"
2021-05,경의선,174,효창공원앞,"60,598","69,138","12,729","13,876"
2021-05,경의선,176,서강대,"46,147","44,801","9,861","9,435"
2021-05,경의선,178,가좌,"104,679","96,744","38,293","38,118"
2021-05,경의선,180,수색,"53,270","55,487","12,970","13,422"
2021-05,경의선,181,화전,"36,670","34,317","9,321","9,027"
2021-05,경의선,182,강매,"66,232","57,030","16,362","15,806"
2021-05,경의선,183,행신,"174,308","173,814","29,136","29,560"
2021-05,경의선,184,능곡,"74,259","67,081","27,214","26,971"
2021-05,경의선,185,곡산,"10,876","10,962","4,907","4,898"
2021-05,경의선,186,백마,"149,633","142,483","29,171","28,998"
2021-05,경의선,187,풍산,"120,736","112,306","29,612","29,177"
2021-05,경의선,188,일산,"191,155","188,259","52,641","52,674"
2021-05,경의선,189,탄현,"168,605","161,318","32,336","31,719"
2021-05,경의선,190,야당,"154,942","151,254","29,585","28,159"
2021-05,경의선,191,운정,"142,297","133,829","32,288","32,195"
2021-05,경의선,192,금릉,"102,208","99,067","22,780","22,686"
2021-05,경의선,193,금촌,"135,972","135,019","38,797","39,363"
2021-05,경의선,194,월롱,"52,996","50,954","7,454","8,400"
2021-05,경의선,195,파주,"30,940","22,874","7,314","6,203"
2021-05,경의선,196,문산,"104,626","103,687","38,044","38,119"
2021-05,경의선,197,임진강,656,482,506,498
2021-05,경의선,198,서울역,"82,202","101,328","12,167","15,228"
2021-05,경의선,199,공덕,"78,884","67,540","11,915","11,556"
2021-05,경의선,200,홍대입구,"45,677","53,111","4,643","5,087"
2021-05,경의선,201,디지털미디어시티,"56,609","53,379","10,153","10,026"
2021-05,경의선,202,김포공항,1,0,0,0
2021-05,경의선,203,계양,1,0,0,0
2021-05,경의선,204,검암,1,0,0,0
2021-05,경춘선,205,신내,"30,794","31,618","13,764","13,235"
2021-05,경춘선,206,갈매,"63,493","54,246","17,135","16,163"
2021-05,경춘선,207,별내,"62,569","59,804","19,162","18,364"
2021-05,경춘선,208,퇴계원,"73,709","66,920","24,970","24,114"
2021-05,경춘선,209,사릉,"73,540","69,046","18,976","19,213"
2021-05,경춘선,210,금곡,"27,776","26,434","14,727","14,432"
2021-05,경춘선,211,평내호평,"129,101","128,009","40,230","38,658"
2021-05,경춘선,212,천마산,"31,022","28,434","16,764","17,151"
2021-05,경춘선,213,마석,"81,157","78,680","32,001","32,347"
2021-05,경춘선,214,대성리,"11,108","9,496","6,811","6,132"
2021-05,경춘선,215,청평,"33,074","32,358","16,937","16,741"
2021-05,경춘선,216,상천,"5,556","4,554","5,241","5,081"
2021-05,경춘선,217,가평,"37,718","37,554","15,016","14,800"
2021-05,경춘선,218,굴봉산,"2,372","2,463","3,409","3,409"
2021-05,경춘선,219,백양리,"1,929","1,882","1,558","1,598"
2021-05,경춘선,220,강촌,"11,755","10,722","5,945","5,943"
2021-05,경춘선,221,김유정,"7,940","9,018","4,213","4,376"
2021-05,경춘선,222,남춘천,"51,962","53,971","20,389","21,300"
2021-05,경춘선,223,춘천,"33,852","31,133","15,163","12,737"
2021-05,수인선,340,고색,"83,625","81,826","13,088","11,916"
2021-05,수인선,341,오목천,"64,624","57,989","9,735","9,797"
2021-05,수인선,342,어천,"16,311","16,064","3,814","4,122"
2021-05,수인선,343,야목,"5,372","4,415","1,500","1,290"
2021-05,수인선,344,사리,"95,732","85,730","14,669","13,855"
2021-05,수인선,345,달월,"1,487","1,245",959,654
2021-05,수인선,346,월곶,"57,414","53,325","12,692","12,583"
2021-05,수인선,347,소래포구,"103,394","100,060","66,937","65,899"
2021-05,수인선,348,인천논현,"121,876","129,748","26,889","27,535"
2021-05,수인선,349,호구포,"82,270","85,640","17,536","17,655"
2021-05,수인선,350,남동인더스파크,"48,383","54,082","5,757","5,775"
2021-05,수인선,351,원인재,"92,857","98,216","27,006","27,063"
2021-05,수인선,352,연수,"100,371","97,975","24,096","24,283"
2021-05,수인선,353,송도,"52,037","48,025","19,079","18,861"
2021-05,수인선,354,인하대,"133,196","125,980","23,339","22,217"
2021-05,수인선,355,숭의,"77,410","71,839","25,607","24,721"
2021-05,수인선,356,신포,"37,180","37,466","12,136","12,082"
2021-05,수인선,357,인천,"21,389","38,625","12,595","16,090"
2021-05,경강선,238,판교,"100,345","97,810","11,524","10,078"
2021-05,경강선,239,이매,"23,878","19,305","5,899","5,825"
2021-05,경강선,240,삼동,"49,558","44,974","10,370","10,313"
2021-05,경강선,241,경기광주,"158,612","150,362","25,139","25,130"
2021-05,경강선,242,초월,"68,087","63,917","12,081","11,787"
2021-05,경강선,243,곤지암,"49,539","50,490","11,527","11,788"
2021-05,경강선,244,신둔도예촌,"31,462","29,053","6,282","6,076"
2021-05,경강선,245,이천,"60,275","63,883","11,187","12,076"
2021-05,경강선,246,부발,"45,541","46,007","6,363","6,287"
2021-05,경강선,247,세종대왕릉,"5,377","5,480","3,119","3,213"
2021-05,경강선,248,여주,"48,480","49,614","14,072","13,750"
2021-05,5호선,385,방화,"132,948","126,910","43,652","41,663"
2021-05,5호선,386,개화산,"108,042","102,976","32,845","32,614"
2021-05,5호선,387,김포공항,"189,454","177,097","28,089","30,714"
2021-05,5호선,388,송정,"135,039","128,135","44,903","43,893"
2021-05,5호선,389,마곡,"216,080","216,744","34,443","33,596"
2021-05,5호선,390,발산,"429,966","450,040","74,882","72,230"
2021-05,5호선,391,우장산,"295,603","288,146","73,736","77,027"
2021-05,5호선,392,화곡,"611,821","571,328","122,725","117,267"
2021-05,5호선,393,까치산,"627,942","600,056","135,375","136,821"
2021-05,5호선,394,신정(은행정),"305,044","240,969","52,156","50,683"
2021-05,5호선,395,목동,"362,177","396,076","70,615","71,831"
2021-05,5호선,396,오목교(목동운동장앞),"507,721","549,378","72,546","71,463"
2021-05,5호선,397,양평,"157,728","155,754","24,496","24,188"
2021-05,5호선,398,영등포구청,"78,414","79,816","17,938","17,443"
2021-05,5호선,399,영등포시장,"196,661","205,490","50,881","51,326"
2021-05,5호선,400,신길,"91,808","98,830","10,398","10,617"
2021-05,5호선,401,여의도,"613,826","643,678","43,969","41,144"
2021-05,5호선,402,여의나루,"339,872","388,791","25,886","25,824"
2021-05,5호선,403,마포,"297,399","304,969","51,042","50,855"
2021-05,5호선,404,공덕,"306,382","326,987","37,021","34,813"
2021-05,5호선,405,애오개,"138,659","139,891","30,928","30,265"
2021-05,5호선,406,충정로(경기대입구),"104,511","105,172","11,662","11,945"
2021-05,5호선,407,서대문,"377,751","387,909","54,491","51,590"
2021-05,5호선,408,광화문(세종문화회관),"651,945","686,347","57,499","55,673"
2021-05,5호선,409,종로3가,"269,880","259,366","76,598","82,664"
2021-05,5호선,410,을지로4가,"106,368","112,426","38,041","38,379"
2021-05,5호선,411,동대문역사문화공원(DDP),"56,705","67,498","6,924","7,832"
2021-05,5호선,412,청구,"79,993","75,698","21,923","16,318"
2021-05,5호선,413,신금호,"129,192","130,741","31,858","35,847"
2021-05,5호선,414,행당,"169,663","150,085","42,899","38,553"
2021-05,5호선,415,왕십리(성동구청),"100,921","113,651","20,111","19,586"
2021-05,5호선,416,마장,"111,144","103,446","33,572","32,386"
2021-05,5호선,417,답십리,"337,373","305,971","67,763","64,939"
2021-05,5호선,418,장한평,"386,648","380,060","72,498","72,911"
2021-05,5호선,419,군자(능동),"259,700","288,481","34,350","35,778"
2021-05,5호선,420,아차산(어린이대공원후문),"335,320","327,573","86,769","85,620"
2021-05,5호선,421,광나루(장신대),"286,027","263,929","59,724","57,256"
2021-05,5호선,422,천호(풍납토성),"395,100","381,869","106,958","108,834"
2021-05,5호선,423,강동,"390,267","371,473","82,882","79,738"
2021-05,5호선,424,길동,"151,246","156,808","60,348","62,115"
2021-05,5호선,425,굽은다리(강동구민회관앞),"189,666","180,226","60,635","56,506"
2021-05,5호선,426,명일,"169,193","172,120","56,873","59,384"
2021-05,5호선,427,고덕,"184,995","182,997","51,852","51,661"
2021-05,5호선,428,상일동,"325,108","291,129","75,908","72,814"
2021-05,5호선,429,둔촌동,"172,568","171,596","53,079","53,650"
2021-05,5호선,430,올림픽공원(한국체대),"84,666","73,933","30,154","27,478"
2021-05,5호선,431,방이,"144,795","147,609","36,841","36,754"
2021-05,5호선,432,오금,"78,230","76,161","16,838","16,224"
2021-05,5호선,433,개롱,"127,395","133,615","38,858","40,048"
2021-05,5호선,434,거여,"162,025","153,538","50,646","49,804"
2021-05,5호선,435,마천,"119,101","117,894","47,685","49,314"
2021-05,5호선,436,강일,"60,318","62,435","21,894","21,719"
2021-05,5호선,437,미사,"332,295","327,372","56,200","55,399"
2021-05,5호선,438,하남풍산,"82,563","82,720","19,164","19,033"
2021-05,5호선,439,하남시청(덕풍·신장),"95,844","94,836","44,250","45,375"
2021-05,5호선,440,하남검단산,"102,567","101,130","39,272","39,383"
2021-05,6호선,441,응암,"363,367","359,376","98,825","97,517"
2021-05,6호선,442,역촌,"69,103","86,039","28,368","27,596"
2021-05,6호선,443,불광,"87,369","90,014","34,961","29,095"
2021-05,6호선,444,독바위,"56,551","58,011","17,417","21,550"
2021-05,6호선,445,연신내,10,0,0,0
2021-05,6호선,446,구산,"155,082","104,687","43,702","45,476"
2021-05,6호선,447,새절(신사),"260,313","240,939","74,898","75,031"
2021-05,6호선,448,증산(명지대앞),"203,360","199,655","61,499","63,053"
2021-05,6호선,449,디지털미디어시티,"288,109","312,166","46,764","46,924"
2021-05,6호선,450,월드컵경기장(성산),"82,354","88,845","54,095","52,618"
2021-05,6호선,451,마포구청,"296,966","267,728","66,449","60,194"
2021-05,6호선,452,망원,"320,241","352,924","72,682","75,469"
2021-05,6호선,453,합정,"327,277","313,467","33,451","30,725"
2021-05,6호선,454,상수,"201,191","226,156","18,208","18,560"
2021-05,6호선,455,광흥창(서강),"186,198","178,464","37,558","37,381"
2021-05,6호선,456,대흥(서강대앞),"167,466","173,914","38,471","38,211"
2021-05,6호선,457,공덕,"388,033","374,637","62,015","57,020"
2021-05,6호선,458,효창공원앞,"146,310","131,049","33,159","31,269"
2021-05,6호선,459,삼각지,"145,823","122,859","13,844","11,491"
2021-05,6호선,460,녹사평(용산구청),"129,435","128,092","15,710","15,105"
2021-05,6호선,461,이태원,"262,039","267,932","27,083","27,477"
2021-05,6호선,462,한강진,"192,684","228,090","13,001","12,837"
2021-05,6호선,463,버티고개,"46,191","44,074","12,414","14,290"
2021-05,6호선,464,약수,"71,824","73,856","18,454","18,457"
2021-05,6호선,465,청구,"80,221","82,617","16,553","20,233"
2021-05,6호선,466,신당,"176,945","187,114","29,592","28,249"
2021-05,6호선,467,동묘앞,"167,131","173,251","64,278","57,791"
2021-05,6호선,468,창신,"75,108","60,350","16,259","15,598"
2021-05,6호선,469,보문,"161,725","149,317","27,507","26,063"
2021-05,6호선,470,안암(고대병원앞),"237,382","239,076","27,691","26,345"
2021-05,6호선,471,고려대(종암),"177,704","167,062","29,371","29,542"
2021-05,6호선,472,월곡(동덕여대),"227,712","225,653","60,660","60,685"
2021-05,6호선,473,상월곡(한국과학기술연구원),"128,989","112,753","34,353","33,583"
2021-05,6호선,474,돌곶이,"190,552","176,863","48,278","47,597"
2021-05,6호선,475,석계,"256,619","262,720","66,309","66,501"
2021-05,6호선,476,태릉입구,"122,998","140,382","30,103","32,566"
2021-05,6호선,477,화랑대(서울여대입구),"249,848","195,448","39,562","34,736"
2021-05,6호선,478,봉화산(서울의료원),"181,116","167,953","41,696","41,422"
2021-05,6호선,479,신내,6,0,0,0
2021-05,7호선,480,장암,"52,548","23,205","9,346","6,912"
2021-05,7호선,481,도봉산,"203,278","240,141","44,786","65,224"
2021-05,7호선,482,수락산,"266,762","261,025","84,760","84,633"
2021-05,7호선,483,마들,"252,900","235,614","71,583","71,231"
2021-05,7호선,484,노원,"418,451","447,175","99,732","100,750"
2021-05,7호선,485,중계,"290,515","260,915","76,929","73,892"
2021-05,7호선,486,하계,"371,746","348,822","86,177","83,358"
2021-05,7호선,487,공릉(서울과학기술대),"257,966","256,630","58,409","58,429"
2021-05,7호선,488,태릉입구,"196,619","189,762","43,079","41,208"
2021-05,7호선,489,먹골,"214,757","206,499","56,090","56,519"
2021-05,7호선,490,중화,"236,279","228,262","56,277","56,022"
2021-05,7호선,491,상봉(시외버스터미널),"392,602","369,067","61,414","59,020"
2021-05,7호선,492,면목,"327,550","315,564","81,374","83,276"
2021-05,7호선,493,사가정,"352,507","348,709","86,841","86,279"
2021-05,7호선,494,용마산(용마폭포공원),"132,180","127,889","30,741","33,416"
2021-05,7호선,495,중곡,"208,189","190,800","49,540","49,775"
2021-05,7호선,496,군자(능동),"324,292","253,659","62,710","54,672"
2021-05,7호선,497,어린이대공원(세종대),"310,185","308,718","36,323","35,845"
2021-05,7호선,498,건대입구,"286,315","302,088","42,861","38,198"
2021-05,7호선,499,뚝섬유원지,"246,299","240,108","37,208","37,732"
2021-05,7호선,500,청담,"415,362","468,959","59,251","57,233"
2021-05,7호선,501,강남구청,"357,640","396,262","41,367","41,647"
2021-05,7호선,502,학동,"507,538","548,436","49,473","46,039"
2021-05,7호선,503,논현,"454,929","491,527","43,384","43,097"
2021-05,7호선,504,반포,"124,831","121,220","27,138","25,585"
2021-05,7호선,505,고속터미널,"378,629","301,596","59,140","50,855"
2021-05,7호선,506,내방,"296,553","304,877","55,017","54,117"
2021-05,7호선,507,이수,"343,615","333,118","63,777","61,016"
2021-05,7호선,508,남성,"228,942","211,619","63,285","62,831"
2021-05,7호선,509,숭실대입구(살피재),"260,853","265,301","49,324","51,434"
2021-05,7호선,510,상도,"225,834","219,164","51,509","49,442"
2021-05,7호선,511,장승배기,"192,773","185,284","58,746","58,587"
2021-05,7호선,512,신대방삼거리,"343,234","325,432","74,796","76,622"
2021-05,7호선,513,보라매,"212,174","211,344","38,169","37,578"
2021-05,7호선,514,신풍,"248,404","234,094","59,392","59,622"
2021-05,7호선,515,대림(구로구청),"197,802","197,548","30,082","29,321"
2021-05,7호선,516,남구로,"348,671","368,992","51,872","51,709"
2021-05,7호선,517,가산디지털단지,"987,441","985,260","75,903","71,742"
2021-05,7호선,518,철산,"478,637","488,559","82,753","82,306"
2021-05,7호선,519,광명사거리,"465,083","452,300","126,728","129,430"
2021-05,7호선,520,천왕,"241,636","227,303","47,608","47,477"
2021-05,7호선,521,온수(성공회대입구),"232,437","216,070","33,281","32,157"
2021-05,7호선,522,까치울,"175,087","169,241","28,775","28,897"
2021-05,7호선,523,부천종합운동장,"103,256","89,899","17,978","17,482"
2021-05,7호선,524,춘의,"206,661","202,047","28,331","28,071"
2021-05,7호선,525,신중동,"321,755","319,680","46,269","44,555"
2021-05,7호선,526,부천시청,"284,273","281,405","47,276","45,766"
2021-05,7호선,527,상동,"292,241","303,336","42,063","41,777"
2021-05,7호선,528,삼산체육관,"109,159","98,260","24,455","23,556"
2021-05,7호선,529,굴포천,"199,877","211,962","30,192","30,538"
2021-05,7호선,530,부평구청,"241,913","200,625","27,648","24,595"
2021-05,8호선,531,암사,"392,747","344,570","90,729","90,022"
2021-05,8호선,532,천호(풍납토성),"327,574","392,383","68,458","65,489"
2021-05,8호선,533,강동구청,"206,689","215,269","53,381","53,878"
2021-05,8호선,534,몽촌토성(평화의문),"126,058","130,460","28,319","27,143"
2021-05,8호선,535,잠실(송파구청),"314,120","375,463","55,880","54,221"
2021-05,8호선,536,석촌,"159,485","190,500","41,668","44,211"
2021-05,8호선,537,송파,"151,841","152,942","44,989","44,796"
2021-05,8호선,538,가락시장,"145,223","164,676","52,876","53,949"
2021-05,8호선,539,문정,"451,849","477,385","47,769","47,779"
2021-05,8호선,540,장지,"380,778","362,355","64,070","61,130"
2021-05,8호선,541,복정,"240,333","208,617","40,268","37,369"
2021-05,8호선,542,산성,"133,987","130,876","30,994","34,582"
2021-05,8호선,543,남한산성입구(성남법원.검찰청),"285,311","259,750","68,918","66,427"
2021-05,8호선,544,단대오거리,"215,915","207,533","61,030","58,698"
2021-05,8호선,545,신흥,"87,693","94,941","33,915","34,933"
2021-05,8호선,546,수진,"101,300","90,479","35,199","34,817"
2021-05,8호선,547,모란,"76,332","62,275","47,615","36,802"
2021-05,9호선,607,개화,"52,250","36,626","11,685","9,584"
2021-05,9호선,608,김포공항,"216,581","327,907","16,438","20,229"
2021-05,9호선,609,공항시장,"55,277","59,630","21,588","23,455"
2021-05,9호선,610,신방화,"136,361","130,916","38,852","38,628"
2021-05,9호선,611,마곡나루(서울식물원),"266,088","266,240","27,367","27,377"
2021-05,9호선,612,양천향교,"203,397","207,174","38,510","38,713"
2021-05,9호선,613,가양,"410,881","401,749","107,777","104,133"
2021-05,9호선,614,증미,"144,337","143,906","37,255","38,164"
2021-05,9호선,615,등촌,"217,325","210,491","68,579","69,005"
2021-05,9호선,616,염창,"376,188","367,582","58,999","58,761"
2021-05,9호선,617,신목동,"81,488","72,432","17,733","16,542"
2021-05,9호선,618,선유도,"175,357","171,778","25,021","24,088"
2021-05,9호선,619,당산,"402,736","402,667","54,067","49,701"
2021-05,9호선,620,국회의사당,"304,857","318,423","39,825","34,760"
2021-05,9호선,621,여의도,"596,674","565,874","37,973","34,964"
2021-05,9호선,622,샛강,"116,518","120,235","20,594","20,576"
2021-05,9호선,623,노량진,"612,251","604,081","72,924","74,444"
2021-05,9호선,624,노들,"90,736","75,494","26,660","24,825"
2021-05,9호선,625,흑석(중앙대입구),"157,832","165,147","44,300","44,350"
2021-05,9호선,626,동작(현충원),"40,076","31,896","11,403","9,789"
2021-05,9호선,627,구반포,"53,086","55,435","18,588","18,812"
2021-05,9호선,628,신반포,"68,292","67,784","16,582","16,490"
2021-05,9호선,629,고속터미널,"303,231","407,993","48,218","55,098"
2021-05,9호선,630,사평,"67,182","65,464","15,221","15,271"
2021-05,9호선,631,신논현,"770,520","763,042","49,532","46,266"
2021-05,공항철도 1호선,645,서울역,"185,164","175,689","27,379","24,545"
2021-05,공항철도 1호선,646,공덕,"50,556","67,117","6,023","7,120"
2021-05,공항철도 1호선,647,홍대입구,"273,942","271,540","15,275","14,478"
2021-05,공항철도 1호선,648,디지털미디어시티,"299,201","271,601","20,357","19,102"
2021-05,공항철도 1호선,649,마곡나루(서울식물원),"177,532","175,044","11,512","11,302"
2021-05,공항철도 1호선,650,김포공항,"326,897","177,202","20,436","13,038"
2021-05,공항철도 1호선,651,계양,"218,753","201,372","23,424","21,953"
2021-05,공항철도 1호선,652,검암,"160,903","159,609","15,736","16,414"
2021-05,공항철도 1호선,653,청라국제도시,"156,059","147,766","10,230","10,046"
2021-05,공항철도 1호선,654,운서,"148,696","151,329","22,697","22,601"
2021-05,공항철도 1호선,655,공항화물청사,"48,721","53,010","7,920","7,805"
2021-05,공항철도 1호선,656,인천공항1터미널,"76,701","80,984","12,367","12,473"
2021-05,공항철도 1호선,657,인천공항2터미널,"46,226","44,605","5,190","4,963"
2021-05,공항철도 1호선,658,영종,"66,020","67,010","17,888","17,933"
2021-05,9호선2~3단계,632,언주,"217,850","222,808","23,344","23,326"
2021-05,9호선2~3단계,633,선정릉,"208,399","228,359","19,407","20,142"
2021-05,9호선2~3단계,634,삼성중앙,"139,731","146,401","17,932","17,743"
2021-05,9호선2~3단계,635,봉은사,"362,324","371,826","38,743","37,034"
2021-05,9호선2~3단계,636,종합운동장,"93,401","92,177","14,990","13,857"
2021-05,9호선2~3단계,637,삼전,"142,071","136,984","29,548","28,689"
2021-05,9호선2~3단계,638,석촌고분,"123,685","122,160","27,177","27,037"
2021-05,9호선2~3단계,639,석촌,"182,995","162,403","27,644","24,059"
2021-05,9호선2~3단계,640,송파나루,"103,951","113,372","20,628","20,963"
2021-05,9호선2~3단계,641,한성백제,"51,535","46,840","13,057","11,718"
2021-05,9호선2~3단계,642,올림픽공원(한국체대),"132,778","133,294","22,231","22,116"
2021-05,9호선2~3단계,643,둔촌오륜,"24,781","21,344","5,081","5,319"
2021-05,9호선2~3단계,644,중앙보훈병원,"173,262","150,695","63,918","62,735"
2021-05,우이신설선,702,북한산우이,"57,911","53,417","34,131","35,367"
2021-05,우이신설선,703,솔밭공원,"39,259","35,816","24,441","25,876"
2021-05,우이신설선,704,4.19민주묘지,"49,538","48,385","32,255","28,975"
2021-05,우이신설선,705,가오리,"65,931","63,414","41,536","42,504"
2021-05,우이신설선,706,화계,"53,868","47,909","36,229","36,228"
2021-05,우이신설선,707,삼양,"30,305","31,067","23,618","26,021"
2021-05,우이신설선,708,삼양사거리,"33,253","34,286","31,047","31,451"
2021-05,우이신설선,709,솔샘,"112,728","101,886","31,604","32,862"
2021-05,우이신설선,710,북한산보국문,"122,997","114,602","38,084","38,712"
2021-05,우이신설선,711,정릉,"81,845","73,718","39,742","37,259"
2021-05,우이신설선,712,성신여대입구(돈암),"62,473","73,940","25,310","24,463"
2021-05,우이신설선,713,보문,"27,039","26,949","12,765","13,316"
2021-05,우이신설선,714,신설동,"33,502","34,141","22,425","20,129"
